# Category\t	FLAGS\t	themename	them	estyle	pretty name

# Categories beginning with @ will be bolded
# Categories beginning with ! will be italicized
# The list will be output in the same order as it is read in here.

# Old ones...

@Recently Added		gradiate	Gradiate 01-26-05
@Recently Added		golfclubbin	Golf Clubbin 01-26-05
@Recently Added		gelflex	GelFlex 01-17-05
@Recently Added		baggy	Baggy 12-21-04
@Recently Added		imagine	Imagine 12-21-04
@Recently Added		shindig	ShinDig 12-06-04
@Recently Added		optimus_red	Optimus Red 11-10-04
@Recently Added		optimus_green	Optimus Green 11-10-04
@Recently Added		optimus_blue	Optimus Blue 11-10-04
@Recently Added		fashioned	Fashioned 11-09-04
@Recently Added		industry	Industry 11-03-04
@Recently Added		rings	Rings 11-03-04

@Staff Favorites		wildlife	David's Favorite
@Staff Favorites		hearts	Brian's Favorite
@Staff Favorites		fashioned	Becky's Favorite
@Staff Favorites		packaged	JT's Favorite
@Staff Favorites		interface	Lydell's Favorite
@Staff Favorites		suv	John's Favorite
@Staff Favorites		rings	Pam's Favorite
@Staff Favorites		smoothed	Ty's Favorite
@Staff Favorites		rightside2	Kendall's Favorite
@Staff Favorites		iconomy	Brandon's Favorite
@Staff Favorites		blue_angles	John2's Favorite

!Adult Themes|Tame	ADULT	l2_adult1	Lovely Lady
!Adult Themes|Tame	ADULT	l2_adult2	She's Got Legs

Cute and Colorful|Animals		wildlife	Wildlife 02-24-03
Cute and Colorful|Animals		eagle	Eagle 02-24-03
Cute and Colorful|Animals		l1_kittycat	Kitty Cat
Cute and Colorful|Animals		l1_ocean	Dolphin
Cute and Colorful|Animals		l1_cats	Cats
Cute and Colorful|Animals		l1_bunny	Fluffy Bunny
Cute and Colorful|Animals		l2_dragon	Dragon Guard

Locations|Locations		tropics	Tropics
Locations|Locations		l2_starry2	Starry Night
Locations|Locations		l2_southwest	South Western
Locations|Locations		l2_surfsup	Surfs Up
Locations|Locations		l1_palms	Palm Trees
Locations|Locations		l2_cityscape	City-scape
Locations|Locations		l2_happyjungle	Happy Jungle
Locations|Locations		l2_pattern3	Iceberg
Locations|Locations		l1_mountains	Mountains
Locations|Locations		l1_pond	Pond
Locations|Locations		l1_crescentmoon	Crescent Moon
Locations|Locations		l1_toga	Roman
Locations|Locations		l1_clothesline	Clothesline
Locations|Locations		l2_fishing2	Ocean Storm
Locations|Locations		bergs	Bergs
Locations|Locations		bergs2	Bergs2
Locations|Locations		bergs3	Bergs3

Cute and Colorful|Wrapped Themes		l1_sunset	Golden Sunset
Cute and Colorful|Wrapped Themes		l1_darkalum	Dark Aluminum
Cute and Colorful|Wrapped Themes		l1_steel	Brushed Steel
Cute and Colorful|Wrapped Themes		l2_pattern2	Fade to Black
Cute and Colorful|Wrapped Themes		l1_blueagate	Blue Agate
Cute and Colorful|Wrapped Themes		l1_khkycyan	Cyan
Cute and Colorful|Wrapped Themes		l1_burgundygrn	Salsa
Cute and Colorful|Wrapped Themes		l1_greenblu	Green and Blue
Cute and Colorful|Wrapped Themes		l1_dotty	Dotty
Cute and Colorful|Wrapped Themes		l1_raspberry	Very Berry
Cute and Colorful|Wrapped Themes		l1_sageagate	Sage Agate
Cute and Colorful|Wrapped Themes		l1_cranberryagate	Cranberry Agate
Cute and Colorful|Wrapped Themes		l1_green	Green Etch
Cute and Colorful|Wrapped Themes		l1_brick	Brickhouse
Cute and Colorful|Wrapped Themes		l1_redwhtblu	Red White and Blue
Cute and Colorful|Wrapped Themes		l1_kitchencounter	Kitchen Counter
Cute and Colorful|Wrapped Themes		l1_magiccarpet	Magic Carpet
Cute and Colorful|Wrapped Themes		l1_circus	Happy Circus
Cute and Colorful|Wrapped Themes		l1_purplesatin	Purple Satin
Cute and Colorful|Wrapped Themes		l1_earthquake	Concussion
Cute and Colorful|Wrapped Themes		l1_fire	Fire
Cute and Colorful|Wrapped Themes		l1_outlinegrey	Grey Outline
Cute and Colorful|Wrapped Themes		l1_outlinemint	Mint Outline
Cute and Colorful|Wrapped Themes		l1_outlinered	Red Outline
Cute and Colorful|Wrapped Themes		l2_lizard	Rainbow Lizard2
Cute and Colorful|Wrapped Themes		l1_lizard	Rainbox Lizard1
Cute and Colorful|Wrapped Themes		l1_blue	Blue Streaks
Cute and Colorful|Wrapped Themes		l1_smoothie	Smoothie
Cute and Colorful|Wrapped Themes		l1_bluegrn	Blue Green
Cute and Colorful|Wrapped Themes		l1_swirl	Purple Swirl
Cute and Colorful|Wrapped Themes		l1_marble	Blue Storm

Cute and Colorful|Patterns		l2_fineart	Fine Art
Cute and Colorful|Patterns		l2_pattern4	Green Flash
Cute and Colorful|Patterns		l2_pattern5	Blue and Orange
Cute and Colorful|Patterns		l2_pattern6	Fluffy Clouds
Cute and Colorful|Patterns		l2_purple	Purple
Cute and Colorful|Patterns		l2_loco	loco
Cute and Colorful|Patterns		l2_loco2	loco2	
Cute and Colorful|Patterns		textured	Textured

Cute and Colorful|Just for Fun		l2_scrolls3	Scrolls 3
Cute and Colorful|Just for Fun		l2_powerball	PowerBall
Cute and Colorful|Just for Fun		baseball2	Bright Baseball
Cute and Colorful|Just for Fun		l1_keyboard	Keyboard
Cute and Colorful|Just for Fun		l1_office	Office
Cute and Colorful|Just for Fun		l2_scrolls	Scrolls
Cute and Colorful|Just for Fun		l2_knighttime	Knight Time
Cute and Colorful|Just for Fun		l2_starry	Star Struck
Cute and Colorful|Just for Fun		l2_metal1	Spaceship Console
Cute and Colorful|Just for Fun		l1_happy	Happy
Cute and Colorful|Just for Fun		l1_angels	Angels
Cute and Colorful|Just for Fun		l1_kite	Lets Fly a Kite
Cute and Colorful|Just for Fun		l1_train	Train
Cute and Colorful|Just for Fun		l1_movies	Movies
Cute and Colorful|Just for Fun		l1_music	Music
Cute and Colorful|Just for Fun		l1_bookworm	Bookworm
Cute and Colorful|Just for Fun		l1_yingyang	Ying and Yang
Cute and Colorful|Just for Fun		l2_bubblegum2	Bubble Girl
Cute and Colorful|Just for Fun		widescreen5	Widescreen5 
Cute and Colorful|Just for Fun		widescreen6	Widescreen6 

Industry Specific|Automotive		sportscars	Sports Cars
Industry Specific|Automotive		suv	S.U.V.
Industry Specific|Automotive		auto	Auto
Industry Specific|Automotive		l2_racing2	Checkered Flag2
Industry Specific|Automotive		l2_racing	Checkered Flag
Industry Specific|Computers		keyboard	Keyboard
Industry Specific|Computers		cirquitry	Cirquitry
Industry Specific|Computers		zang	Zang
Industry Specific|Computers	WEB|L3|MINICART	gradiate	Gradiate
Industry Specific|Fishing & Hunting		l2_hunting	Mountains
Industry Specific|Fishing & Hunting		l2_fishies	Hooked Bass
Industry Specific|Fishing & Hunting		l1_fishing	Fishing 
Industry Specific|Fishing & Hunting		l2_hunting	Mountains
Industry Specific|Golf		golf	Golfball
Industry Specific|Golf		golfcourse	Golf Course
Industry Specific|Golf		golf	Golf Ball
Industry Specific|Golf		golfflag	Golf Flag
Industry Specific|Golf	WEB|L3|MINICART	golfclubbin	Golf Clubbin
Industry Specific|People		girljump	GirlJump
Industry Specific|People		fashioned	Fashioned
Industry Specific|Kids		baby	Baby
Industry Specific|Kids		l1_teddybear	Teddy Bear
Industry Specific|Kids	WEB|L3|MINICART	toys	Kids
Industry Specific|Clocks		clock	Clock 
Industry Specific|Gardening		daisies	Daisies
Industry Specific|Gardening		l1_daisychain	Daisy Chain
Industry Specific|Industrial		industry	Industry
Industry Specific|Jewelry	WEB|L3|MINICART	rings	Rings

Feature Specific|Custom Subcat	DEV	loudness	Loudness
Feature Specific|Custom Subcat	DEV	ordinary	Ordinary
Feature Specific|Custom Subcat	DEV	gradefade	Gradefade
Feature Specific|Custom Subcat	DEV	guitar	Guitar
Feature Specific|Custom Subcat	DEV	packaged	Packaged
Feature Specific|Thumbnail Navcat	WEB	imagine	Imagine
Feature Specific|Thumbnail Navcat	WEB	baggy	Baggy
Feature Specific|MiniCart	WEB|L3|MINICART	gelflex	GelFlex
Feature Specific|MiniCart	WEB|L3|MINICART	imagine	Imagine
Feature Specific|MiniCart	WEB|L3|MINICART	sleekbeige	Sleek Beige
Feature Specific|MiniCart	WEB|L3|MINICART	darkness	Darkness
Feature Specific|MiniCart	WEB|L3|MINICART	thecolors	The Colors
Feature Specific|MiniCart	WEB|L3|MINICART	poweeblue	Blue Powee!
Feature Specific|MiniCart	WEB|L3|MINICART	poweered	Red Powee!
Feature Specific|MiniCart	WEB|L3|MINICART	poweegreen	Green Powee!
Feature Specific|MiniCart	WEB|L3|MINICART	iconomy	Iconomy
Feature Specific|MiniCart	WEB|L3|MINICART	blue_angles	Blue Globe
Feature Specific|MiniCart	WEB|L3|MINICART	yellowrose	Yellow Rose
Feature Specific|MiniCart	WEB|L3|MINICART	industry	Industry
Feature Specific|MiniCart	WEB|L3|MINICART	toys	Kids
Feature Specific|MiniCart	WEB|L3|MINICART	rings	Rings
Feature Specific|MiniCart	WEB|L3|MINICART	gradiate	Gradiate
Feature Specific|MiniCart	WEB|L3|MINICART	golfclubbin	Golf Clubbin
Feature Specific|Use with Frames (Developer Only)	DEV	l2_devwhite	White Only
Feature Specific|Use with Frames (Developer Only)	DEV	l2_devblack	Black Only
Feature Specific|Use with Frames (Developer Only)	DEV	l2_devgrey	Grey Only
Feature Specific|Use with Frames (Developer Only)	DEV	l2_devwhite2	White with Grey
Feature Specific|Use with Frames (Developer Only)	DEV	l2_devblack2	Black with Grey
Feature Specific|Use with Frames (Developer Only)	DEV	l2_devgrey2	Grey with White
Feature Specific|Use with Frames (Developer Only)	DEV	l2_devredsquares	Red Squares

Seasonal|America - 4th July		allamerican	All American
Seasonal|America - 4th July		l2_patriot	Patriot
Seasonal|America - 4th July		l2_patriot2	Patriot Buttons

Seasonal|Christmas Themes		lightemup	Light Up!
Seasonal|Christmas Themes		hollydays	Hollydays
Seasonal|Christmas Themes		holiday3	Merry Christmas
Seasonal|Christmas Themes		holiday2	Happy Chanukah
Seasonal|Christmas Themes		holiday1	Seasons Greetings
Seasonal|Christmas Themes		l2_xmasangles	Xmas Tree
Seasonal|Christmas Themes		l2_presents1	Presents
Seasonal|Christmas Themes		l1_snowman	Snowman
Seasonal|Christmas Themes		l1_deer	Deer
Seasonal|Christmas Themes		l1_santa	Drunken Santa
Seasonal|Christmas Themes		l1_ribbon	Christmas Ribbon
Seasonal|Christmas Themes		l1_ribbon2	Christmas Ribbon w/Logo
Seasonal|Christmas Themes		l1_iciclelights	Icicle Lights

Seasonal|Fall Themes		blinky	Blinking Cat
Seasonal|Fall Themes		punkin	Punkin
Seasonal|Fall Themes		l2_happyghost	Happy Ghost
Seasonal|Fall Themes		l2_pumpkins3	The Great Pumpkin
Seasonal|Fall Themes		l1_pumpkin	Pumpkin
Seasonal|Fall Themes		l1_fruit	Fruit

Seasonal|Valentines Day Themes		hearts	New Hearts
Seasonal|Valentines Day Themes		myvalentine	My Valentine
Seasonal|Valentines Day Themes		rose	Rose
Seasonal|Valentines Day Themes		l2_hearts	Hearts
Seasonal|Valentines Day Themes		l2_sedonared	Sedonared
Seasonal|Valentines Day Themes		l2_fashion1	Fashion Inspiration	
Seasonal|Valentines Day Themes		l2_fashion3	Strawberry Rose


Black Backgrounds|Series 1		l2_tealcraquelure	Teal on Black
Black Backgrounds|Series 1		l2_purplelines	PolyPurple
Black Backgrounds|Series 1		l2_arabiannight	Arabian Nights
Black Backgrounds|Series 1		l2_americananight	Americana Night
Black Backgrounds|Series 1		l2_clay	Clay
Black Backgrounds|Series 1		l2_clay2	Clay2
Black Backgrounds|Series 1		l2_raspberry	Raspberry
Black Backgrounds|Series 1		l2_springnight	Spring Night
Black Backgrounds|Series 1		l2_moss	Dark Moss
Black Backgrounds|Series 2		ocrackle	Ocrackle
Black Backgrounds|Series 2		l2_greenclouds	Green Clouds
Black Backgrounds|Series 2		l2_greenclouds2	Green Clouds 2
Black Backgrounds|Series 2		l2_redgalaxy	Red Galaxy
Black Backgrounds|Series 2		l2_cloudynight	Cloudy Night
Black Backgrounds|Series 2		l2_bluenight	Blue Night
Black Backgrounds|Series 2		horakhio	Metal Theory
Black Backgrounds|Series 2		swiftunnel	Swift Tunnel
Black Backgrounds|Series 2		swiftunnel2	Swift Tunnel 2
Black Backgrounds|Series 2		swiftunnel3	Swift Tunnel 3
Black Backgrounds|Series 3		foam	Foam

Color Backgrounds|Red		l2_rogueloop1	Rogue Loop
Color Backgrounds|Pink		l2_bubblegum	bubblegum
Color Backgrounds|Red		l2_pattern7	Raging Bull
Color Backgrounds|Blue		lavender	Lavender
Color Backgrounds|Blue		l2_curve1	Blue Curve
Color Backgrounds|Blue		l2_stripedblue	Plain Jane Blue
Color Backgrounds|Blue		l2_moodyblue	Moody Blue
Color Backgrounds|Blue		l2_blueloop1	Blue Loop
Color Backgrounds|Blue		l2_minblue2	Minimal Blue 2
Color Backgrounds|Blue		l2_minblue	Minimal Blue


Light Backgrounds|Series 1		l2_newport	Newport
Light Backgrounds|Series 1		newport2	Newport2
Light Backgrounds|Series 1		l2_khakiplain2	Plain Khaki Two
Light Backgrounds|Series 1		l2_ojline	Orange Splice
Light Backgrounds|Series 1		l2_curve2	Blue Wrapping
Light Backgrounds|Series 1		l2_curve3	Pink Wrapping
Light Backgrounds|Series 1		l2_yellowpurple	Yellow/Purple
Light Backgrounds|Corporate		bluedual	Blue Dual
Light Backgrounds|Corporate		roguedual	Rogue Dual
Light Backgrounds|Series 2		soap	Soap
Light Backgrounds|Series 2		l2_baffled	Baffled
Light Backgrounds|Series 1		l2_whitemoss	White Moss
Light Backgrounds|Series 2		sundual	Sun Dual
Light Backgrounds|Series 2		geodual	Geo Dual
Light Backgrounds|Series 2		bluedual	Blue Dual
Light Backgrounds|Series 2		roguedual	Rogue Dual

White/Red|Series 1		redngold	Red n Gold
White/Red|Series 1		simplered	Simple Red
White/Red|Series 1		l2_ambience	Ambience
White/Red|Series 1		tricolor2	Tricolor2
White/Red|Series 1		l2_corporatered	Corporate Red
White/Red|Series 2		l2_redangles	Red Angles
White/Red|Series 2		l2_patriotic	The Patriot
White/Red|Series 2		patriotic2	The Patriot2-text menu
White/Red|Series 2		patriotic3	The Patriot3-text menu
White/Red|Series 2		l2_rubyred	Ruby Red

White/Light|Corporate		l2_sharparctic	Sharp Arctic
White/Light|Series 2		blacknsilver	Black n Silver
White/Light|Series 2		plaingrey	Plain Grey
White/Light|Series 1		tricolor	Tricolor
White/Light|Series 1		khakidiamonds	Khaki Diamonds
White/Light|Series 1		l2_khakiplain	Plain Khaki
White/Light|Series 1		l2_sleekgrey	Sleek Grey
White/Light|General		coffees	Coffee 2
White/Light|General		ward	fashion5
White/Light|General		l2_fashion2	Leather Couch
White/Light|General		l2_fashion3	Strawberry Rose
White/Light|Corporate		wiseman2	Wiseman2
White/Light|Corporate		wiseman3	Wiseman3
White/Light|Corporate		wiseman4	Wiseman4
White/Light|Corporate		rightside3	Right Nav3
White/Light|Corporate		l2_khakiplain	Plain Khaki
White/Light|Corporate		l2_sharpsepia	Sharp Sepia
White/Light|Corporate		l2_simplewhiteblue	Simple White Blue
White/Light|Corporate		l2_simplewhiteblue2	Simple White Blue 2
White/Light|Corporate		l2_sleekgrey	Sleek Grey
White/Light|Corporate		l2_sleekgrey2	sleekgrey2
White/Light|Corporate		sleekgrey3	sleekgrey3
White/Light|Series 2		l2_sharparctic	Sharp Arctic
White/Light|Series 2		l2_sharpsepia	Sharp Sepia
White/Light|Series 3		shindig	ShinDig
White/Light|Series 3		vertlucido3	Vertical Lucido 3
White/Light|Series 3		vertlucido4	Vertical Lucido 4
White/Light|Series 2		zing	Zing
White/Light|Series 3		dotcom	Dot Com
White/Light|Series 3		wavelength	Wavelength
White/Light|Series 3		market	Market
White/Light|Series 3		lucido3	Lucido3
White/Light|Series 3		lucido4	Lucido4
White/Light|Series 1		widescreen2	Widescreen2
White/Light|Series 1		l2_sleekgrey2	sleekgrey2
White/Light|Series 1		sleekgrey3	sleekgrey3


White/Blue|General		l2_fashion4	Midnight Greens
White/Blue|Series 1		simpleblue	Simple Blue
White/Blue|Series 2		unchained	Unchained
White/Blue|Series 1		tricolor3	Tricolor3
White/Blue|Series 1		tricolor4	Tricolor4
White/Blue|Series 1		eggs	Functional
White/Blue|Series 1		pinknpurp	Pink n Purple
White/Blue|Series 1		accublue	Accu Blue
White/Blue|Series 1		l2_purpleish	Professional Purple
White/Blue|Series 1		l2_swervey	Swervey Blue
White/Blue|Series 1		l2_curve6	Blue Curve 2
White/Blue|Series 1		l2_sweetpurple	Sweet Purple
White/Blue|Series 1		l2_fashiondblue	Blue Circles
White/Blue|Corporate		rightside2	Right Nav2
White/Blue|Corporate		tricolor3	Tricolor3 07-24-02
White/Blue|Corporate		accublue	Accu Blue
White/Blue|Corporate		l2_corporateblu	Corporate Blue
White/Blue|Corporate		l2_blueish2	Professional Blue2
White/Blue|Corporate		l2_simplewhiteblue3	Simple White Blue 3
White/Blue|Corporate		l2_schmoop	Basic Red
White/Blue|Corporate		l2_schmoop2	Basic Blue
White/Blue|Series 2		l2_blueleaf	Blue Leaf
White/Blue|Series 2		l2_bluebergs	Blue Ice
White/Blue|Series 2		l2_bluenight2	Blue Night 2
White/Blue|Series 2		l2_sharpgem	Sharp Gem
White/Blue|Series 2		l2_watery	Blue Blur
White/Blue|Series 2		l2_bluetoo	Blue Too
White/Blue|Series 3		vertlucido	Vertical Lucido
White/Blue|Series 2		swiftunnel4	Swift Tunnel 4
White/Blue|Series 3		interface	Interface
White/Blue|Series 3		lucido	Lucido
White/Blue|Series 8		parts	Parts
White/Blue|Stock Image		cards	Cards
White/Blue|Series 1		widescreen3	Widescreen3
White/Blue|Series 1		widescreen	Widescreen

White/Green|Series 1		simplegreen	Simple Green
White/Green|Series 1		simpleteal	Simple Teal
White/Green|Series 1		accugreen	Accu Green
White/Green|Series 1		l2_esales	Logowrap
White/Green|Corporate		wiseman	Wiseman
White/Green|Corporate		rightside	Right Nav
White/Green|Corporate		accugreen	Accu Green
White/Green|Corporate		geodual	Geo Dual
White/Green|Series 2		l2_greenangles	Green Angles
White/Green|Series 2		l2_emeraldgreen	E-Green
White/Green|Series 2		swiftunnel5	Swift Tunnel 5

White/Other|Series 2		sunflare	Sunflare
White/Other|Series 1		curly	CurlyQ
White/Other|Series 1		smoothed	Smoothed
White/Other|Series 1		theory	Red White n Blue
White/Other|Series 1		pinkish	Think Pink
White/Other|Series 1		rednorange	Red n Orange
White/Other|Series 1		l2_itsgotime	It's Go Time!
White/Other|General		l2_fashion1	Fashion Inspiration
White/Other|Corporate		tricolor	Tricolor 07-24-02
White/Other|Corporate		tricolor2	Tricolor2 07-24-02
White/Other|Series 2		l2_orangelightning	Orange Lightning
White/Other|Corporate		khakidiamonds	Khaki Diamonds
White/Other|Series 2		l2_earthy	Earth Tones
White/Other|Series 2		sharpsoap	Sharp Soap
White/Other|Series 3		vertlucido2	Vertical Lucido 2
White/Other|Series 2		zang	Zang
White/Other|Series 3		lucido2	Lucido2
White/Other|Series 2		swiftunnel6	Swift Tunnel 6
White/Other|Series 2		shadowjuice	Shadow Juice
White/Other|Series 1		widescreen4	Widescreen4



!POPUPS		pop_poweegreen	Popup - Green Powee
!POPUPS		pop_poweeblue	Popup - Blue Powee
!POPUPS		pop_poweered	Popup - Red Powee
!POPUPS		pop_bergs	Popup - Bergs
!POPUPS		pop_blue	Popup - Blue
!POPUPS		pop_brown	Popup - Brown
!POPUPS		pop_keyboard	Popup - Keyboard
!POPUPS		pop_orange	Popup - Orange
!POPUPS		pop_patriotic	Popup - Patriotic
!POPUPS		pop_purple	Popup - Purple
!POPUPS		pop_yellow	Popup - Yellow
!POPUPS		pop_black	Popup - Black
!POPUPS		pop_bluish	Popup - Blue #2
!POPUPS		pop_green	Popup - Green
!POPUPS		pop_khaki	Popup - Khaki
!POPUPS		pop_packaged	Popup - Packaged
!POPUPS		pop_pink	Popup - Pink
!POPUPS		pop_red	Popup - Popup - Red

Unknown		l1_candycanes
Unknown		l1_cheapjewelry
Unknown		l1_magic_carpet
Unknown		l2_alien
Unknown		l2_arabiannights
Unknown		l2_baseball
Unknown		l2_baseball2
Unknown		l2_basketball
Unknown		l2_blueish
Unknown		l2_blueloop2
Unknown		l2_bubblegum3
Unknown		l2_cannibus1
Unknown		l2_cityscape2
Unknown		l2_coolblue
Unknown		l2_coolblue2
Unknown		l2_corporateblu2
Unknown		l2_curve4
Unknown		l2_curve5
Unknown		l2_default
Unknown		l2_dkearth
Unknown		l2_fashiondblue2
Unknown		l2_fashiondblue3
Unknown		l2_fishing
Unknown		l2_greenish
Unknown		l2_greynight
Unknown		l2_khakiteal
Unknown		l2_kinkade
Unknown		l2_loco3
Unknown		l2_loopy
Unknown		l2_metallic
Unknown		l2_redblocks
Unknown		l2_redish
Unknown		l2_rednwhite
Unknown		l2_wood
Unknown		l2_spaceview
Unknown		l2_veryblue
Unknown		techy
Unknown		pinkfade
Unknown		lavender2
Unknown		greendotted
Unknown		orangedotted
Unknown		sleekgrey4
Unknown		coffee
Unknown		sassy
Unknown		lucido5
Unknown		orbit
Unknown		greenfade
Unknown		habit
Unknown		electrode
Unknown		plain
Unknown		optimus_blue
Unknown		optimus_green
Unknown		optimus_red
Unknown		panic
